<?xml version="1.0" ?>

<SEARCH>
	<GRAPH>
		<DESCRIPTION>
			<SHORT>null</SHORT>
			<DETAILED>null</DETAILED>
		</DESCRIPTION>

		<!-- Node Definitions -->

		<NODE>
			<NAME>412753B86</NAME>
			<INDEX>0</INDEX>
			<XPOS>8159.4976</XPOS>
			<YPOS>5032.253</YPOS>
			<TYPE>START</TYPE>
			<HEURISTICVALUE>6.0</HEURISTICVALUE>
		</NODE>

		<!-- Node Definitions -->

		<NODE>
			<NAME>412B53786</NAME>
			<INDEX>1</INDEX>
			<XPOS>7885.817</XPOS>
			<YPOS>5080.828</YPOS>
			<TYPE>REGULAR</TYPE>
			<HEURISTICVALUE>5.0</HEURISTICVALUE>
		</NODE>

		<!-- Node Definitions -->

		<NODE>
			<NAME>B12453786</NAME>
			<INDEX>2</INDEX>
			<XPOS>7687.3354</XPOS>
			<YPOS>5156.199</YPOS>
			<TYPE>REGULAR</TYPE>
			<HEURISTICVALUE>4.0</HEURISTICVALUE>
		</NODE>

		<!-- Node Definitions -->

		<NODE>
			<NAME>1B2453786</NAME>
			<INDEX>3</INDEX>
			<XPOS>7686.7183</XPOS>
			<YPOS>5215.789</YPOS>
			<TYPE>REGULAR</TYPE>
			<HEURISTICVALUE>3.0</HEURISTICVALUE>
		</NODE>

		<!-- Node Definitions -->

		<NODE>
			<NAME>12B453786</NAME>
			<INDEX>4</INDEX>
			<XPOS>7749.658</XPOS>
			<YPOS>5274.551</YPOS>
			<TYPE>REGULAR</TYPE>
			<HEURISTICVALUE>2.0</HEURISTICVALUE>
		</NODE>

		<!-- Node Definitions -->

		<NODE>
			<NAME>12345B786</NAME>
			<INDEX>5</INDEX>
			<XPOS>7747.9355</XPOS>
			<YPOS>5328.5312</YPOS>
			<TYPE>REGULAR</TYPE>
			<HEURISTICVALUE>1.0</HEURISTICVALUE>
		</NODE>

		<!-- Node Definitions -->

		<NODE>
			<NAME>12345678B</NAME>
			<INDEX>6</INDEX>
			<XPOS>7797.805</XPOS>
			<YPOS>5415.462</YPOS>
			<TYPE>GOAL</TYPE>
			<HEURISTICVALUE>0.0</HEURISTICVALUE>
		</NODE>

		<!-- Node Definitions -->

		<NODE>
			<NAME>1234B5786</NAME>
			<INDEX>7</INDEX>
			<XPOS>7690.432</XPOS>
			<YPOS>5410.7476</YPOS>
			<TYPE>REGULAR</TYPE>
			<HEURISTICVALUE>2.0</HEURISTICVALUE>
		</NODE>

		<!-- Node Definitions -->

		<NODE>
			<NAME>1524B3786</NAME>
			<INDEX>8</INDEX>
			<XPOS>7631.5005</XPOS>
			<YPOS>5270.5713</YPOS>
			<TYPE>REGULAR</TYPE>
			<HEURISTICVALUE>4.0</HEURISTICVALUE>
		</NODE>

		<!-- Node Definitions -->

		<NODE>
			<NAME>4125B3786</NAME>
			<INDEX>9</INDEX>
			<XPOS>8010.535</XPOS>
			<YPOS>5142.229</YPOS>
			<TYPE>REGULAR</TYPE>
			<HEURISTICVALUE>6.0</HEURISTICVALUE>
		</NODE>

		<!-- Node Definitions -->

		<NODE>
			<NAME>4B2513786</NAME>
			<INDEX>10</INDEX>
			<XPOS>7908.41</XPOS>
			<YPOS>5208.3853</YPOS>
			<TYPE>REGULAR</TYPE>
			<HEURISTICVALUE>6.0</HEURISTICVALUE>
		</NODE>

		<!-- Node Definitions -->

		<NODE>
			<NAME>41253B786</NAME>
			<INDEX>11</INDEX>
			<XPOS>8020.774</XPOS>
			<YPOS>5207.255</YPOS>
			<TYPE>REGULAR</TYPE>
			<HEURISTICVALUE>6.0</HEURISTICVALUE>
		</NODE>

		<!-- Node Definitions -->

		<NODE>
			<NAME>41B532786</NAME>
			<INDEX>12</INDEX>
			<XPOS>7953.87</XPOS>
			<YPOS>5292.4453</YPOS>
			<TYPE>REGULAR</TYPE>
			<HEURISTICVALUE>6.0</HEURISTICVALUE>
		</NODE>

		<!-- Node Definitions -->

		<NODE>
			<NAME>41253678B</NAME>
			<INDEX>13</INDEX>
			<XPOS>8049.138</XPOS>
			<YPOS>5287.6357</YPOS>
			<TYPE>REGULAR</TYPE>
			<HEURISTICVALUE>5.0</HEURISTICVALUE>
		</NODE>

		<!-- Node Definitions -->

		<NODE>
			<NAME>4125367B8</NAME>
			<INDEX>14</INDEX>
			<XPOS>8050.3994</XPOS>
			<YPOS>5405.075</YPOS>
			<TYPE>REGULAR</TYPE>
			<HEURISTICVALUE>6.0</HEURISTICVALUE>
		</NODE>

		<!-- Node Definitions -->

		<NODE>
			<NAME>4125837B6</NAME>
			<INDEX>15</INDEX>
			<XPOS>8138.6875</XPOS>
			<YPOS>5205.2534</YPOS>
			<TYPE>REGULAR</TYPE>
			<HEURISTICVALUE>7.0</HEURISTICVALUE>
		</NODE>

		<!-- Node Definitions -->

		<NODE>
			<NAME>41258376B</NAME>
			<INDEX>16</INDEX>
			<XPOS>8245.017</XPOS>
			<YPOS>5285.6</YPOS>
			<TYPE>REGULAR</TYPE>
			<HEURISTICVALUE>7.0</HEURISTICVALUE>
		</NODE>

		<!-- Node Definitions -->

		<NODE>
			<NAME>412583B76</NAME>
			<INDEX>17</INDEX>
			<XPOS>8149.3716</XPOS>
			<YPOS>5285.5376</YPOS>
			<TYPE>REGULAR</TYPE>
			<HEURISTICVALUE>8.0</HEURISTICVALUE>
		</NODE>

		<!-- Node Definitions -->

		<NODE>
			<NAME>4127538B6</NAME>
			<INDEX>18</INDEX>
			<XPOS>8548.823</XPOS>
			<YPOS>5081.091</YPOS>
			<TYPE>REGULAR</TYPE>
			<HEURISTICVALUE>7.0</HEURISTICVALUE>
		</NODE>

		<!-- Node Definitions -->

		<NODE>
			<NAME>4127B3856</NAME>
			<INDEX>19</INDEX>
			<XPOS>8489.617</XPOS>
			<YPOS>5148.0146</YPOS>
			<TYPE>REGULAR</TYPE>
			<HEURISTICVALUE>8.0</HEURISTICVALUE>
		</NODE>

		<!-- Node Definitions -->

		<NODE>
			<NAME>4B2713856</NAME>
			<INDEX>20</INDEX>
			<XPOS>8402.786</XPOS>
			<YPOS>5216.761</YPOS>
			<TYPE>REGULAR</TYPE>
			<HEURISTICVALUE>8.0</HEURISTICVALUE>
		</NODE>

		<!-- Node Definitions -->

		<NODE>
			<NAME>41273B856</NAME>
			<INDEX>21</INDEX>
			<XPOS>8494.173</XPOS>
			<YPOS>5214.4136</YPOS>
			<TYPE>REGULAR</TYPE>
			<HEURISTICVALUE>8.0</HEURISTICVALUE>
		</NODE>

		<!-- Node Definitions -->

		<NODE>
			<NAME>41B732856</NAME>
			<INDEX>22</INDEX>
			<XPOS>8453.757</XPOS>
			<YPOS>5282.9165</YPOS>
			<TYPE>REGULAR</TYPE>
			<HEURISTICVALUE>8.0</HEURISTICVALUE>
		</NODE>

		<!-- Node Definitions -->

		<NODE>
			<NAME>41273685B</NAME>
			<INDEX>23</INDEX>
			<XPOS>8552.152</XPOS>
			<YPOS>5281.289</YPOS>
			<TYPE>REGULAR</TYPE>
			<HEURISTICVALUE>7.0</HEURISTICVALUE>
		</NODE>

		<!-- Node Definitions -->

		<NODE>
			<NAME>412B73856</NAME>
			<INDEX>24</INDEX>
			<XPOS>8590.617</XPOS>
			<YPOS>5212.852</YPOS>
			<TYPE>REGULAR</TYPE>
			<HEURISTICVALUE>8.0</HEURISTICVALUE>
		</NODE>

		<!-- Node Definitions -->

		<NODE>
			<NAME>41275386B</NAME>
			<INDEX>25</INDEX>
			<XPOS>8755.382</XPOS>
			<YPOS>5139.96</YPOS>
			<TYPE>REGULAR</TYPE>
			<HEURISTICVALUE>7.0</HEURISTICVALUE>
		</NODE>

		<!-- Node Definitions -->

		<NODE>
			<NAME>41275B863</NAME>
			<INDEX>26</INDEX>
			<XPOS>8763.666</XPOS>
			<YPOS>5209.1704</YPOS>
			<TYPE>REGULAR</TYPE>
			<HEURISTICVALUE>7.0</HEURISTICVALUE>
		</NODE>

		<!-- Node Definitions -->

		<NODE>
			<NAME>41B752863</NAME>
			<INDEX>27</INDEX>
			<XPOS>8724.004</XPOS>
			<YPOS>5283.011</YPOS>
			<TYPE>REGULAR</TYPE>
			<HEURISTICVALUE>7.0</HEURISTICVALUE>
		</NODE>

		<!-- Node Definitions -->

		<NODE>
			<NAME>4127B5863</NAME>
			<INDEX>28</INDEX>
			<XPOS>8811.5</XPOS>
			<YPOS>5284.0728</YPOS>
			<TYPE>REGULAR</TYPE>
			<HEURISTICVALUE>8.0</HEURISTICVALUE>
		</NODE>

		<!-- Edge Definitions -->

		<EDGE>
			<STARTINDEX>0</STARTINDEX>
			<ENDINDEX>1</ENDINDEX>
			<COST>4.0</COST>
		</EDGE>
		<EDGE>
			<STARTINDEX>1</STARTINDEX>
			<ENDINDEX>2</ENDINDEX>
			<COST>4.0</COST>
		</EDGE>
		<EDGE>
			<STARTINDEX>2</STARTINDEX>
			<ENDINDEX>3</ENDINDEX>
			<COST>1.0</COST>
		</EDGE>
		<EDGE>
			<STARTINDEX>3</STARTINDEX>
			<ENDINDEX>4</ENDINDEX>
			<COST>1.0</COST>
		</EDGE>
		<EDGE>
			<STARTINDEX>4</STARTINDEX>
			<ENDINDEX>5</ENDINDEX>
			<COST>2.0</COST>
		</EDGE>
		<EDGE>
			<STARTINDEX>5</STARTINDEX>
			<ENDINDEX>6</ENDINDEX>
			<COST>2.0</COST>
		</EDGE>
		<EDGE>
			<STARTINDEX>5</STARTINDEX>
			<ENDINDEX>7</ENDINDEX>
			<COST>3.0</COST>
		</EDGE>
		<EDGE>
			<STARTINDEX>3</STARTINDEX>
			<ENDINDEX>8</ENDINDEX>
			<COST>2.0</COST>
		</EDGE>
		<EDGE>
			<STARTINDEX>1</STARTINDEX>
			<ENDINDEX>9</ENDINDEX>
			<COST>1.0</COST>
		</EDGE>
		<EDGE>
			<STARTINDEX>9</STARTINDEX>
			<ENDINDEX>10</ENDINDEX>
			<COST>4.0</COST>
		</EDGE>
		<EDGE>
			<STARTINDEX>9</STARTINDEX>
			<ENDINDEX>11</ENDINDEX>
			<COST>1.0</COST>
		</EDGE>
		<EDGE>
			<STARTINDEX>11</STARTINDEX>
			<ENDINDEX>12</ENDINDEX>
			<COST>4.0</COST>
		</EDGE>
		<EDGE>
			<STARTINDEX>11</STARTINDEX>
			<ENDINDEX>13</ENDINDEX>
			<COST>2.0</COST>
		</EDGE>
		<EDGE>
			<STARTINDEX>13</STARTINDEX>
			<ENDINDEX>14</ENDINDEX>
			<COST>3.0</COST>
		</EDGE>
		<EDGE>
			<STARTINDEX>9</STARTINDEX>
			<ENDINDEX>15</ENDINDEX>
			<COST>2.0</COST>
		</EDGE>
		<EDGE>
			<STARTINDEX>15</STARTINDEX>
			<ENDINDEX>16</ENDINDEX>
			<COST>1.0</COST>
		</EDGE>
		<EDGE>
			<STARTINDEX>15</STARTINDEX>
			<ENDINDEX>17</ENDINDEX>
			<COST>3.0</COST>
		</EDGE>
		<EDGE>
			<STARTINDEX>0</STARTINDEX>
			<ENDINDEX>18</ENDINDEX>
			<COST>1.0</COST>
		</EDGE>
		<EDGE>
			<STARTINDEX>18</STARTINDEX>
			<ENDINDEX>19</ENDINDEX>
			<COST>4.0</COST>
		</EDGE>
		<EDGE>
			<STARTINDEX>19</STARTINDEX>
			<ENDINDEX>20</ENDINDEX>
			<COST>4.0</COST>
		</EDGE>
		<EDGE>
			<STARTINDEX>19</STARTINDEX>
			<ENDINDEX>21</ENDINDEX>
			<COST>1.0</COST>
		</EDGE>
		<EDGE>
			<STARTINDEX>21</STARTINDEX>
			<ENDINDEX>22</ENDINDEX>
			<COST>4.0</COST>
		</EDGE>
		<EDGE>
			<STARTINDEX>21</STARTINDEX>
			<ENDINDEX>23</ENDINDEX>
			<COST>2.0</COST>
		</EDGE>
		<EDGE>
			<STARTINDEX>19</STARTINDEX>
			<ENDINDEX>24</ENDINDEX>
			<COST>3.0</COST>
		</EDGE>
		<EDGE>
			<STARTINDEX>18</STARTINDEX>
			<ENDINDEX>25</ENDINDEX>
			<COST>1.0</COST>
		</EDGE>
		<EDGE>
			<STARTINDEX>25</STARTINDEX>
			<ENDINDEX>26</ENDINDEX>
			<COST>4.0</COST>
		</EDGE>
		<EDGE>
			<STARTINDEX>26</STARTINDEX>
			<ENDINDEX>27</ENDINDEX>
			<COST>4.0</COST>
		</EDGE>
		<EDGE>
			<STARTINDEX>26</STARTINDEX>
			<ENDINDEX>28</ENDINDEX>
			<COST>3.0</COST>
		</EDGE>

		<!-- Heuristic Settings -->

		<HEURISTIC value="AUTOMATIC"></HEURISTIC>
		<EDGECOSTS value="MANUAL"></EDGECOSTS>

	</GRAPH>
</SEARCH>
