<?xml version="1.0" ?>

<SEARCH>
	<GRAPH>
		<DESCRIPTION>
			<SHORT>null</SHORT>
			<DETAILED>null</DETAILED>
		</DESCRIPTION>

		<!-- Node Definitions -->

		<NODE>
			<NAME>412753B86</NAME>
			<INDEX>0</INDEX>
			<XPOS>8295.686</XPOS>
			<YPOS>5062.9062</YPOS>
			<TYPE>START</TYPE>
			<HEURISTICVALUE>6.0</HEURISTICVALUE>
		</NODE>

		<!-- Node Definitions -->

		<NODE>
			<NAME>412B53786</NAME>
			<INDEX>1</INDEX>
			<XPOS>8048.794</XPOS>
			<YPOS>5104.1724</YPOS>
			<TYPE>REGULAR</TYPE>
			<HEURISTICVALUE>5.0</HEURISTICVALUE>
		</NODE>

		<!-- Node Definitions -->

		<NODE>
			<NAME>B12453786</NAME>
			<INDEX>2</INDEX>
			<XPOS>7883.863</XPOS>
			<YPOS>5158.5317</YPOS>
			<TYPE>REGULAR</TYPE>
			<HEURISTICVALUE>4.0</HEURISTICVALUE>
		</NODE>

		<!-- Node Definitions -->

		<NODE>
			<NAME>1B2453786</NAME>
			<INDEX>3</INDEX>
			<XPOS>7884.711</XPOS>
			<YPOS>5217.6523</YPOS>
			<TYPE>REGULAR</TYPE>
			<HEURISTICVALUE>3.0</HEURISTICVALUE>
		</NODE>

		<!-- Node Definitions -->

		<NODE>
			<NAME>12B453786</NAME>
			<INDEX>4</INDEX>
			<XPOS>8043.943</XPOS>
			<YPOS>5292.539</YPOS>
			<TYPE>REGULAR</TYPE>
			<HEURISTICVALUE>2.0</HEURISTICVALUE>
		</NODE>

		<!-- Node Definitions -->

		<NODE>
			<NAME>12345B786</NAME>
			<INDEX>5</INDEX>
			<XPOS>8044.3965</XPOS>
			<YPOS>5365.026</YPOS>
			<TYPE>REGULAR</TYPE>
			<HEURISTICVALUE>1.0</HEURISTICVALUE>
		</NODE>

		<!-- Node Definitions -->

		<NODE>
			<NAME>12345678B</NAME>
			<INDEX>6</INDEX>
			<XPOS>8091.5176</XPOS>
			<YPOS>5447.094</YPOS>
			<TYPE>GOAL</TYPE>
			<HEURISTICVALUE>0.0</HEURISTICVALUE>
		</NODE>

		<!-- Node Definitions -->

		<NODE>
			<NAME>1234B5786</NAME>
			<INDEX>7</INDEX>
			<XPOS>8010.479</XPOS>
			<YPOS>5445.9927</YPOS>
			<TYPE>REGULAR</TYPE>
			<HEURISTICVALUE>2.0</HEURISTICVALUE>
		</NODE>

		<!-- Node Definitions -->

		<NODE>
			<NAME>1524B3786</NAME>
			<INDEX>8</INDEX>
			<XPOS>7728.492</XPOS>
			<YPOS>5286.1787</YPOS>
			<TYPE>REGULAR</TYPE>
			<HEURISTICVALUE>4.0</HEURISTICVALUE>
		</NODE>

		<!-- Node Definitions -->

		<NODE>
			<NAME>4125B3786</NAME>
			<INDEX>9</INDEX>
			<XPOS>8260.298</XPOS>
			<YPOS>5155.4375</YPOS>
			<TYPE>REGULAR</TYPE>
			<HEURISTICVALUE>6.0</HEURISTICVALUE>
		</NODE>

		<!-- Node Definitions -->

		<NODE>
			<NAME>4B2513786</NAME>
			<INDEX>10</INDEX>
			<XPOS>8147.127</XPOS>
			<YPOS>5210.4688</YPOS>
			<TYPE>REGULAR</TYPE>
			<HEURISTICVALUE>7.0</HEURISTICVALUE>
		</NODE>

		<!-- Node Definitions -->

		<NODE>
			<NAME>41253B786</NAME>
			<INDEX>11</INDEX>
			<XPOS>8266.159</XPOS>
			<YPOS>5212.5264</YPOS>
			<TYPE>REGULAR</TYPE>
			<HEURISTICVALUE>7.0</HEURISTICVALUE>
		</NODE>

		<!-- Node Definitions -->

		<NODE>
			<NAME>41B532786</NAME>
			<INDEX>12</INDEX>
			<XPOS>8201.907</XPOS>
			<YPOS>5290.446</YPOS>
			<TYPE>REGULAR</TYPE>
			<HEURISTICVALUE>8.0</HEURISTICVALUE>
		</NODE>

		<!-- Node Definitions -->

		<NODE>
			<NAME>41253678B</NAME>
			<INDEX>13</INDEX>
			<XPOS>8286.685</XPOS>
			<YPOS>5290.626</YPOS>
			<TYPE>REGULAR</TYPE>
			<HEURISTICVALUE>6.0</HEURISTICVALUE>
		</NODE>

		<!-- Node Definitions -->

		<NODE>
			<NAME>4125367B8</NAME>
			<INDEX>14</INDEX>
			<XPOS>8290.979</XPOS>
			<YPOS>5364.8145</YPOS>
			<TYPE>REGULAR</TYPE>
			<HEURISTICVALUE>7.0</HEURISTICVALUE>
		</NODE>

		<!-- Node Definitions -->

		<NODE>
			<NAME>4125837B6</NAME>
			<INDEX>15</INDEX>
			<XPOS>8385.451</XPOS>
			<YPOS>5210.662</YPOS>
			<TYPE>REGULAR</TYPE>
			<HEURISTICVALUE>7.0</HEURISTICVALUE>
		</NODE>

		<!-- Node Definitions -->

		<NODE>
			<NAME>41258376B</NAME>
			<INDEX>16</INDEX>
			<XPOS>8465.06</XPOS>
			<YPOS>5288.6724</YPOS>
			<TYPE>REGULAR</TYPE>
			<HEURISTICVALUE>8.0</HEURISTICVALUE>
		</NODE>

		<!-- Node Definitions -->

		<NODE>
			<NAME>412583B76</NAME>
			<INDEX>17</INDEX>
			<XPOS>8377.114</XPOS>
			<YPOS>5290.2974</YPOS>
			<TYPE>REGULAR</TYPE>
			<HEURISTICVALUE>8.0</HEURISTICVALUE>
		</NODE>

		<!-- Node Definitions -->

		<NODE>
			<NAME>4127538B6</NAME>
			<INDEX>18</INDEX>
			<XPOS>8719.864</XPOS>
			<YPOS>5105.703</YPOS>
			<TYPE>REGULAR</TYPE>
			<HEURISTICVALUE>7.0</HEURISTICVALUE>
		</NODE>

		<!-- Node Definitions -->

		<NODE>
			<NAME>4127B3856</NAME>
			<INDEX>19</INDEX>
			<XPOS>8657.457</XPOS>
			<YPOS>5199.163</YPOS>
			<TYPE>REGULAR</TYPE>
			<HEURISTICVALUE>8.0</HEURISTICVALUE>
		</NODE>

		<!-- Node Definitions -->

		<NODE>
			<NAME>4B2713856</NAME>
			<INDEX>20</INDEX>
			<XPOS>8578.24</XPOS>
			<YPOS>5291.451</YPOS>
			<TYPE>REGULAR</TYPE>
			<HEURISTICVALUE>9.0</HEURISTICVALUE>
		</NODE>

		<!-- Node Definitions -->

		<NODE>
			<NAME>41273B856</NAME>
			<INDEX>21</INDEX>
			<XPOS>8660.507</XPOS>
			<YPOS>5290.212</YPOS>
			<TYPE>REGULAR</TYPE>
			<HEURISTICVALUE>9.0</HEURISTICVALUE>
		</NODE>

		<!-- Node Definitions -->

		<NODE>
			<NAME>412B73856</NAME>
			<INDEX>22</INDEX>
			<XPOS>8741.269</XPOS>
			<YPOS>5287.729</YPOS>
			<TYPE>REGULAR</TYPE>
			<HEURISTICVALUE>9.0</HEURISTICVALUE>
		</NODE>

		<!-- Node Definitions -->

		<NODE>
			<NAME>41275386B</NAME>
			<INDEX>23</INDEX>
			<XPOS>8870.778</XPOS>
			<YPOS>5198.396</YPOS>
			<TYPE>REGULAR</TYPE>
			<HEURISTICVALUE>8.0</HEURISTICVALUE>
		</NODE>

		<!-- Node Definitions -->

		<NODE>
			<NAME>41275B863</NAME>
			<INDEX>24</INDEX>
			<XPOS>8871.507</XPOS>
			<YPOS>5286.8384</YPOS>
			<TYPE>REGULAR</TYPE>
			<HEURISTICVALUE>9.0</HEURISTICVALUE>
		</NODE>

		<!-- Edge Definitions -->

		<EDGE>
			<STARTINDEX>0</STARTINDEX>
			<ENDINDEX>1</ENDINDEX>
			<COST>4.0</COST>
		</EDGE>
		<EDGE>
			<STARTINDEX>1</STARTINDEX>
			<ENDINDEX>2</ENDINDEX>
			<COST>4.0</COST>
		</EDGE>
		<EDGE>
			<STARTINDEX>2</STARTINDEX>
			<ENDINDEX>3</ENDINDEX>
			<COST>1.0</COST>
		</EDGE>
		<EDGE>
			<STARTINDEX>3</STARTINDEX>
			<ENDINDEX>4</ENDINDEX>
			<COST>1.0</COST>
		</EDGE>
		<EDGE>
			<STARTINDEX>4</STARTINDEX>
			<ENDINDEX>5</ENDINDEX>
			<COST>2.0</COST>
		</EDGE>
		<EDGE>
			<STARTINDEX>5</STARTINDEX>
			<ENDINDEX>6</ENDINDEX>
			<COST>2.0</COST>
		</EDGE>
		<EDGE>
			<STARTINDEX>5</STARTINDEX>
			<ENDINDEX>7</ENDINDEX>
			<COST>3.0</COST>
		</EDGE>
		<EDGE>
			<STARTINDEX>3</STARTINDEX>
			<ENDINDEX>8</ENDINDEX>
			<COST>2.0</COST>
		</EDGE>
		<EDGE>
			<STARTINDEX>1</STARTINDEX>
			<ENDINDEX>9</ENDINDEX>
			<COST>1.0</COST>
		</EDGE>
		<EDGE>
			<STARTINDEX>9</STARTINDEX>
			<ENDINDEX>10</ENDINDEX>
			<COST>4.0</COST>
		</EDGE>
		<EDGE>
			<STARTINDEX>9</STARTINDEX>
			<ENDINDEX>11</ENDINDEX>
			<COST>1.0</COST>
		</EDGE>
		<EDGE>
			<STARTINDEX>11</STARTINDEX>
			<ENDINDEX>12</ENDINDEX>
			<COST>4.0</COST>
		</EDGE>
		<EDGE>
			<STARTINDEX>11</STARTINDEX>
			<ENDINDEX>13</ENDINDEX>
			<COST>2.0</COST>
		</EDGE>
		<EDGE>
			<STARTINDEX>13</STARTINDEX>
			<ENDINDEX>14</ENDINDEX>
			<COST>3.0</COST>
		</EDGE>
		<EDGE>
			<STARTINDEX>9</STARTINDEX>
			<ENDINDEX>15</ENDINDEX>
			<COST>2.0</COST>
		</EDGE>
		<EDGE>
			<STARTINDEX>15</STARTINDEX>
			<ENDINDEX>16</ENDINDEX>
			<COST>1.0</COST>
		</EDGE>
		<EDGE>
			<STARTINDEX>15</STARTINDEX>
			<ENDINDEX>17</ENDINDEX>
			<COST>3.0</COST>
		</EDGE>
		<EDGE>
			<STARTINDEX>0</STARTINDEX>
			<ENDINDEX>18</ENDINDEX>
			<COST>1.0</COST>
		</EDGE>
		<EDGE>
			<STARTINDEX>18</STARTINDEX>
			<ENDINDEX>19</ENDINDEX>
			<COST>4.0</COST>
		</EDGE>
		<EDGE>
			<STARTINDEX>19</STARTINDEX>
			<ENDINDEX>20</ENDINDEX>
			<COST>4.0</COST>
		</EDGE>
		<EDGE>
			<STARTINDEX>19</STARTINDEX>
			<ENDINDEX>21</ENDINDEX>
			<COST>1.0</COST>
		</EDGE>
		<EDGE>
			<STARTINDEX>19</STARTINDEX>
			<ENDINDEX>22</ENDINDEX>
			<COST>3.0</COST>
		</EDGE>
		<EDGE>
			<STARTINDEX>18</STARTINDEX>
			<ENDINDEX>23</ENDINDEX>
			<COST>1.0</COST>
		</EDGE>
		<EDGE>
			<STARTINDEX>23</STARTINDEX>
			<ENDINDEX>24</ENDINDEX>
			<COST>4.0</COST>
		</EDGE>

		<!-- Heuristic Settings -->

		<HEURISTIC value="AUTOMATIC"></HEURISTIC>
		<EDGECOSTS value="MANUAL"></EDGECOSTS>

	</GRAPH>
</SEARCH>
