<?xml version="1.0" ?>

<SEARCH>
	<GRAPH>
		<DESCRIPTION>
			<SHORT>null</SHORT>
			<DETAILED>null</DETAILED>
		</DESCRIPTION>

		<!-- Node Definitions -->

		<NODE>
			<NAME>412753B86</NAME>
			<INDEX>0</INDEX>
			<XPOS>8152.148</XPOS>
			<YPOS>5043.998</YPOS>
			<TYPE>START</TYPE>
			<HEURISTICVALUE>0.0</HEURISTICVALUE>
		</NODE>

		<!-- Node Definitions -->

		<NODE>
			<NAME>412B53786</NAME>
			<INDEX>1</INDEX>
			<XPOS>7908.659</XPOS>
			<YPOS>5088.6846</YPOS>
			<TYPE>REGULAR</TYPE>
			<HEURISTICVALUE>0.0</HEURISTICVALUE>
		</NODE>

		<!-- Node Definitions -->

		<NODE>
			<NAME>B12453786</NAME>
			<INDEX>2</INDEX>
			<XPOS>7835.542</XPOS>
			<YPOS>5123.063</YPOS>
			<TYPE>REGULAR</TYPE>
			<HEURISTICVALUE>0.0</HEURISTICVALUE>
		</NODE>

		<!-- Node Definitions -->

		<NODE>
			<NAME>1B2453786</NAME>
			<INDEX>3</INDEX>
			<XPOS>7824.8545</XPOS>
			<YPOS>5158.564</YPOS>
			<TYPE>REGULAR</TYPE>
			<HEURISTICVALUE>0.0</HEURISTICVALUE>
		</NODE>

		<!-- Node Definitions -->

		<NODE>
			<NAME>12B453786</NAME>
			<INDEX>4</INDEX>
			<XPOS>7858.8364</XPOS>
			<YPOS>5222.74</YPOS>
			<TYPE>REGULAR</TYPE>
			<HEURISTICVALUE>0.0</HEURISTICVALUE>
		</NODE>

		<!-- Node Definitions -->

		<NODE>
			<NAME>12345B786</NAME>
			<INDEX>5</INDEX>
			<XPOS>7861.852</XPOS>
			<YPOS>5289.8774</YPOS>
			<TYPE>REGULAR</TYPE>
			<HEURISTICVALUE>0.0</HEURISTICVALUE>
		</NODE>

		<!-- Node Definitions -->

		<NODE>
			<NAME>12345678B</NAME>
			<INDEX>6</INDEX>
			<XPOS>7791.817</XPOS>
			<YPOS>5371.688</YPOS>
			<TYPE>GOAL</TYPE>
			<HEURISTICVALUE>0.0</HEURISTICVALUE>
		</NODE>

		<!-- Node Definitions -->

		<NODE>
			<NAME>1234B5786</NAME>
			<INDEX>7</INDEX>
			<XPOS>7700.4</XPOS>
			<YPOS>5383.9087</YPOS>
			<TYPE>REGULAR</TYPE>
			<HEURISTICVALUE>0.0</HEURISTICVALUE>
		</NODE>

		<!-- Node Definitions -->

		<NODE>
			<NAME>1524B3786</NAME>
			<INDEX>8</INDEX>
			<XPOS>7641.587</XPOS>
			<YPOS>5174.002</YPOS>
			<TYPE>REGULAR</TYPE>
			<HEURISTICVALUE>0.0</HEURISTICVALUE>
		</NODE>

		<!-- Node Definitions -->

		<NODE>
			<NAME>15243B786</NAME>
			<INDEX>9</INDEX>
			<XPOS>7754.7236</XPOS>
			<YPOS>5224.023</YPOS>
			<TYPE>REGULAR</TYPE>
			<HEURISTICVALUE>0.0</HEURISTICVALUE>
		</NODE>

		<!-- Node Definitions -->

		<NODE>
			<NAME>15B432786</NAME>
			<INDEX>10</INDEX>
			<XPOS>7780.1587</XPOS>
			<YPOS>5326.5674</YPOS>
			<TYPE>REGULAR</TYPE>
			<HEURISTICVALUE>0.0</HEURISTICVALUE>
		</NODE>

		<!-- Node Definitions -->

		<NODE>
			<NAME>15243678B</NAME>
			<INDEX>11</INDEX>
			<XPOS>7747.247</XPOS>
			<YPOS>5278.055</YPOS>
			<TYPE>REGULAR</TYPE>
			<HEURISTICVALUE>0.0</HEURISTICVALUE>
		</NODE>

		<!-- Node Definitions -->

		<NODE>
			<NAME>1524837B6</NAME>
			<INDEX>12</INDEX>
			<XPOS>7661.725</XPOS>
			<YPOS>5218.785</YPOS>
			<TYPE>REGULAR</TYPE>
			<HEURISTICVALUE>0.0</HEURISTICVALUE>
		</NODE>

		<!-- Node Definitions -->

		<NODE>
			<NAME>15248376B</NAME>
			<INDEX>13</INDEX>
			<XPOS>7677.929</XPOS>
			<YPOS>5319.911</YPOS>
			<TYPE>REGULAR</TYPE>
			<HEURISTICVALUE>0.0</HEURISTICVALUE>
		</NODE>

		<!-- Node Definitions -->

		<NODE>
			<NAME>152483B76</NAME>
			<INDEX>14</INDEX>
			<XPOS>7653.1875</XPOS>
			<YPOS>5281.6875</YPOS>
			<TYPE>REGULAR</TYPE>
			<HEURISTICVALUE>0.0</HEURISTICVALUE>
		</NODE>

		<!-- Node Definitions -->

		<NODE>
			<NAME>152B43786</NAME>
			<INDEX>15</INDEX>
			<XPOS>7573.298</XPOS>
			<YPOS>5221.583</YPOS>
			<TYPE>REGULAR</TYPE>
			<HEURISTICVALUE>0.0</HEURISTICVALUE>
		</NODE>

		<!-- Node Definitions -->

		<NODE>
			<NAME>B52143786</NAME>
			<INDEX>16</INDEX>
			<XPOS>7590.886</XPOS>
			<YPOS>5323.985</YPOS>
			<TYPE>REGULAR</TYPE>
			<HEURISTICVALUE>0.0</HEURISTICVALUE>
		</NODE>

		<!-- Node Definitions -->

		<NODE>
			<NAME>152743B86</NAME>
			<INDEX>17</INDEX>
			<XPOS>7569.731</XPOS>
			<YPOS>5281.1597</YPOS>
			<TYPE>REGULAR</TYPE>
			<HEURISTICVALUE>0.0</HEURISTICVALUE>
		</NODE>

		<!-- Node Definitions -->

		<NODE>
			<NAME>4125B3786</NAME>
			<INDEX>18</INDEX>
			<XPOS>8054.6694</XPOS>
			<YPOS>5112.972</YPOS>
			<TYPE>REGULAR</TYPE>
			<HEURISTICVALUE>0.0</HEURISTICVALUE>
		</NODE>

		<!-- Node Definitions -->

		<NODE>
			<NAME>4B2513786</NAME>
			<INDEX>19</INDEX>
			<XPOS>7972.6797</XPOS>
			<YPOS>5269.504</YPOS>
			<TYPE>REGULAR</TYPE>
			<HEURISTICVALUE>0.0</HEURISTICVALUE>
		</NODE>

		<!-- Node Definitions -->

		<NODE>
			<NAME>42B513786</NAME>
			<INDEX>20</INDEX>
			<XPOS>7902.6177</XPOS>
			<YPOS>5332.171</YPOS>
			<TYPE>REGULAR</TYPE>
			<HEURISTICVALUE>0.0</HEURISTICVALUE>
		</NODE>

		<!-- Node Definitions -->

		<NODE>
			<NAME>42351B786</NAME>
			<INDEX>21</INDEX>
			<XPOS>7882.4624</XPOS>
			<YPOS>5381.616</YPOS>
			<TYPE>REGULAR</TYPE>
			<HEURISTICVALUE>0.0</HEURISTICVALUE>
		</NODE>

		<!-- Node Definitions -->

		<NODE>
			<NAME>42351678B</NAME>
			<INDEX>22</INDEX>
			<XPOS>7918.0996</XPOS>
			<YPOS>5428.002</YPOS>
			<TYPE>REGULAR</TYPE>
			<HEURISTICVALUE>0.0</HEURISTICVALUE>
		</NODE>

		<!-- Node Definitions -->

		<NODE>
			<NAME>4235B1786</NAME>
			<INDEX>23</INDEX>
			<XPOS>7829.009</XPOS>
			<YPOS>5424.796</YPOS>
			<TYPE>REGULAR</TYPE>
			<HEURISTICVALUE>0.0</HEURISTICVALUE>
		</NODE>

		<!-- Node Definitions -->

		<NODE>
			<NAME>B42513786</NAME>
			<INDEX>24</INDEX>
			<XPOS>7986.5176</XPOS>
			<YPOS>5334.4814</YPOS>
			<TYPE>REGULAR</TYPE>
			<HEURISTICVALUE>0.0</HEURISTICVALUE>
		</NODE>

		<!-- Node Definitions -->

		<NODE>
			<NAME>542B13786</NAME>
			<INDEX>25</INDEX>
			<XPOS>8032.268</XPOS>
			<YPOS>5378.5986</YPOS>
			<TYPE>REGULAR</TYPE>
			<HEURISTICVALUE>0.0</HEURISTICVALUE>
		</NODE>

		<!-- Node Definitions -->

		<NODE>
			<NAME>5421B3786</NAME>
			<INDEX>26</INDEX>
			<XPOS>8113.1245</XPOS>
			<YPOS>5426.2954</YPOS>
			<TYPE>REGULAR</TYPE>
			<HEURISTICVALUE>0.0</HEURISTICVALUE>
		</NODE>

		<!-- Node Definitions -->

		<NODE>
			<NAME>542713B86</NAME>
			<INDEX>27</INDEX>
			<XPOS>8016.23</XPOS>
			<YPOS>5426.6855</YPOS>
			<TYPE>REGULAR</TYPE>
			<HEURISTICVALUE>0.0</HEURISTICVALUE>
		</NODE>

		<!-- Node Definitions -->

		<NODE>
			<NAME>41253B786</NAME>
			<INDEX>28</INDEX>
			<XPOS>8084.3276</XPOS>
			<YPOS>5156.2324</YPOS>
			<TYPE>REGULAR</TYPE>
			<HEURISTICVALUE>0.0</HEURISTICVALUE>
		</NODE>

		<!-- Node Definitions -->

		<NODE>
			<NAME>41B532786</NAME>
			<INDEX>29</INDEX>
			<XPOS>8041.179</XPOS>
			<YPOS>5193.2046</YPOS>
			<TYPE>REGULAR</TYPE>
			<HEURISTICVALUE>0.0</HEURISTICVALUE>
		</NODE>

		<!-- Node Definitions -->

		<NODE>
			<NAME>4B1532786</NAME>
			<INDEX>30</INDEX>
			<XPOS>8046.271</XPOS>
			<YPOS>5244.045</YPOS>
			<TYPE>REGULAR</TYPE>
			<HEURISTICVALUE>0.0</HEURISTICVALUE>
		</NODE>

		<!-- Node Definitions -->

		<NODE>
			<NAME>4315B2786</NAME>
			<INDEX>31</INDEX>
			<XPOS>8068.0557</XPOS>
			<YPOS>5330.8545</YPOS>
			<TYPE>REGULAR</TYPE>
			<HEURISTICVALUE>0.0</HEURISTICVALUE>
		</NODE>

		<!-- Node Definitions -->

		<NODE>
			<NAME>B41532786</NAME>
			<INDEX>32</INDEX>
			<XPOS>8110.8267</XPOS>
			<YPOS>5304.3906</YPOS>
			<TYPE>REGULAR</TYPE>
			<HEURISTICVALUE>0.0</HEURISTICVALUE>
		</NODE>

		<!-- Node Definitions -->

		<NODE>
			<NAME>41253678B</NAME>
			<INDEX>33</INDEX>
			<XPOS>8114.1006</XPOS>
			<YPOS>5193.38</YPOS>
			<TYPE>REGULAR</TYPE>
			<HEURISTICVALUE>0.0</HEURISTICVALUE>
		</NODE>

		<!-- Node Definitions -->

		<NODE>
			<NAME>4125367B8</NAME>
			<INDEX>34</INDEX>
			<XPOS>8125.379</XPOS>
			<YPOS>5246.2207</YPOS>
			<TYPE>REGULAR</TYPE>
			<HEURISTICVALUE>0.0</HEURISTICVALUE>
		</NODE>

		<!-- Node Definitions -->

		<NODE>
			<NAME>4125B6738</NAME>
			<INDEX>35</INDEX>
			<XPOS>8158.1025</XPOS>
			<YPOS>5389.6807</YPOS>
			<TYPE>REGULAR</TYPE>
			<HEURISTICVALUE>0.0</HEURISTICVALUE>
		</NODE>

		<!-- Node Definitions -->

		<NODE>
			<NAME>412536B78</NAME>
			<INDEX>36</INDEX>
			<XPOS>8109.0103</XPOS>
			<YPOS>5363.803</YPOS>
			<TYPE>REGULAR</TYPE>
			<HEURISTICVALUE>0.0</HEURISTICVALUE>
		</NODE>

		<!-- Node Definitions -->

		<NODE>
			<NAME>4125837B6</NAME>
			<INDEX>37</INDEX>
			<XPOS>8238.797</XPOS>
			<YPOS>5130.4717</YPOS>
			<TYPE>REGULAR</TYPE>
			<HEURISTICVALUE>0.0</HEURISTICVALUE>
		</NODE>

		<!-- Node Definitions -->

		<NODE>
			<NAME>41258376B</NAME>
			<INDEX>38</INDEX>
			<XPOS>8293.376</XPOS>
			<YPOS>5190.588</YPOS>
			<TYPE>REGULAR</TYPE>
			<HEURISTICVALUE>0.0</HEURISTICVALUE>
		</NODE>

		<!-- Node Definitions -->

		<NODE>
			<NAME>41258B763</NAME>
			<INDEX>39</INDEX>
			<XPOS>8267.207</XPOS>
			<YPOS>5256.805</YPOS>
			<TYPE>REGULAR</TYPE>
			<HEURISTICVALUE>0.0</HEURISTICVALUE>
		</NODE>

		<!-- Node Definitions -->

		<NODE>
			<NAME>41B582763</NAME>
			<INDEX>40</INDEX>
			<XPOS>8208.141</XPOS>
			<YPOS>5360.588</YPOS>
			<TYPE>REGULAR</TYPE>
			<HEURISTICVALUE>0.0</HEURISTICVALUE>
		</NODE>

		<!-- Node Definitions -->

		<NODE>
			<NAME>4125B8763</NAME>
			<INDEX>41</INDEX>
			<XPOS>8263.042</XPOS>
			<YPOS>5339.537</YPOS>
			<TYPE>REGULAR</TYPE>
			<HEURISTICVALUE>0.0</HEURISTICVALUE>
		</NODE>

		<!-- Node Definitions -->

		<NODE>
			<NAME>412583B76</NAME>
			<INDEX>42</INDEX>
			<XPOS>8168.5913</XPOS>
			<YPOS>5186.85</YPOS>
			<TYPE>REGULAR</TYPE>
			<HEURISTICVALUE>0.0</HEURISTICVALUE>
		</NODE>

		<!-- Node Definitions -->

		<NODE>
			<NAME>412B83576</NAME>
			<INDEX>43</INDEX>
			<XPOS>8186.551</XPOS>
			<YPOS>5223.544</YPOS>
			<TYPE>REGULAR</TYPE>
			<HEURISTICVALUE>0.0</HEURISTICVALUE>
		</NODE>

		<!-- Node Definitions -->

		<NODE>
			<NAME>B12483576</NAME>
			<INDEX>44</INDEX>
			<XPOS>8175.1895</XPOS>
			<YPOS>5279.5815</YPOS>
			<TYPE>REGULAR</TYPE>
			<HEURISTICVALUE>0.0</HEURISTICVALUE>
		</NODE>

		<!-- Node Definitions -->

		<NODE>
			<NAME>4128B3576</NAME>
			<INDEX>45</INDEX>
			<XPOS>8197.66</XPOS>
			<YPOS>5321.9136</YPOS>
			<TYPE>REGULAR</TYPE>
			<HEURISTICVALUE>0.0</HEURISTICVALUE>
		</NODE>

		<!-- Node Definitions -->

		<NODE>
			<NAME>4127538B6</NAME>
			<INDEX>46</INDEX>
			<XPOS>8524.102</XPOS>
			<YPOS>5075.127</YPOS>
			<TYPE>REGULAR</TYPE>
			<HEURISTICVALUE>0.0</HEURISTICVALUE>
		</NODE>

		<!-- Node Definitions -->

		<NODE>
			<NAME>4127B3856</NAME>
			<INDEX>47</INDEX>
			<XPOS>8489.875</XPOS>
			<YPOS>5144.9717</YPOS>
			<TYPE>REGULAR</TYPE>
			<HEURISTICVALUE>0.0</HEURISTICVALUE>
		</NODE>

		<!-- Node Definitions -->

		<NODE>
			<NAME>4B2713856</NAME>
			<INDEX>48</INDEX>
			<XPOS>8409.075</XPOS>
			<YPOS>5187.9756</YPOS>
			<TYPE>REGULAR</TYPE>
			<HEURISTICVALUE>0.0</HEURISTICVALUE>
		</NODE>

		<!-- Node Definitions -->

		<NODE>
			<NAME>42B713856</NAME>
			<INDEX>49</INDEX>
			<XPOS>8346.312</XPOS>
			<YPOS>5233.199</YPOS>
			<TYPE>REGULAR</TYPE>
			<HEURISTICVALUE>0.0</HEURISTICVALUE>
		</NODE>

		<!-- Node Definitions -->

		<NODE>
			<NAME>42371B856</NAME>
			<INDEX>50</INDEX>
			<XPOS>8310.009</XPOS>
			<YPOS>5286.3145</YPOS>
			<TYPE>REGULAR</TYPE>
			<HEURISTICVALUE>0.0</HEURISTICVALUE>
		</NODE>

		<!-- Node Definitions -->

		<NODE>
			<NAME>42371685B</NAME>
			<INDEX>51</INDEX>
			<XPOS>8300.457</XPOS>
			<YPOS>5415.1675</YPOS>
			<TYPE>REGULAR</TYPE>
			<HEURISTICVALUE>0.0</HEURISTICVALUE>
		</NODE>

		<!-- Node Definitions -->

		<NODE>
			<NAME>4237B1856</NAME>
			<INDEX>52</INDEX>
			<XPOS>8257.652</XPOS>
			<YPOS>5386.2554</YPOS>
			<TYPE>REGULAR</TYPE>
			<HEURISTICVALUE>0.0</HEURISTICVALUE>
		</NODE>

		<!-- Node Definitions -->

		<NODE>
			<NAME>B42713856</NAME>
			<INDEX>53</INDEX>
			<XPOS>8394.031</XPOS>
			<YPOS>5270.164</YPOS>
			<TYPE>REGULAR</TYPE>
			<HEURISTICVALUE>0.0</HEURISTICVALUE>
		</NODE>

		<!-- Node Definitions -->

		<NODE>
			<NAME>742B13856</NAME>
			<INDEX>54</INDEX>
			<XPOS>8372.872</XPOS>
			<YPOS>5315.9414</YPOS>
			<TYPE>REGULAR</TYPE>
			<HEURISTICVALUE>0.0</HEURISTICVALUE>
		</NODE>

		<!-- Node Definitions -->

		<NODE>
			<NAME>7421B3856</NAME>
			<INDEX>55</INDEX>
			<XPOS>8379.137</XPOS>
			<YPOS>5420.845</YPOS>
			<TYPE>REGULAR</TYPE>
			<HEURISTICVALUE>0.0</HEURISTICVALUE>
		</NODE>

		<!-- Node Definitions -->

		<NODE>
			<NAME>742813B56</NAME>
			<INDEX>56</INDEX>
			<XPOS>8352.7705</XPOS>
			<YPOS>5373.1025</YPOS>
			<TYPE>REGULAR</TYPE>
			<HEURISTICVALUE>0.0</HEURISTICVALUE>
		</NODE>

		<!-- Node Definitions -->

		<NODE>
			<NAME>41273B856</NAME>
			<INDEX>57</INDEX>
			<XPOS>8484.866</XPOS>
			<YPOS>5187.6553</YPOS>
			<TYPE>REGULAR</TYPE>
			<HEURISTICVALUE>0.0</HEURISTICVALUE>
		</NODE>

		<!-- Node Definitions -->

		<NODE>
			<NAME>41B732856</NAME>
			<INDEX>58</INDEX>
			<XPOS>8455.965</XPOS>
			<YPOS>5242.394</YPOS>
			<TYPE>REGULAR</TYPE>
			<HEURISTICVALUE>0.0</HEURISTICVALUE>
		</NODE>

		<!-- Node Definitions -->

		<NODE>
			<NAME>4B1732856</NAME>
			<INDEX>59</INDEX>
			<XPOS>8454.424</XPOS>
			<YPOS>5305.5723</YPOS>
			<TYPE>REGULAR</TYPE>
			<HEURISTICVALUE>0.0</HEURISTICVALUE>
		</NODE>

		<!-- Node Definitions -->

		<NODE>
			<NAME>4317B2856</NAME>
			<INDEX>60</INDEX>
			<XPOS>8464.913</XPOS>
			<YPOS>5408.5054</YPOS>
			<TYPE>REGULAR</TYPE>
			<HEURISTICVALUE>0.0</HEURISTICVALUE>
		</NODE>

		<!-- Node Definitions -->

		<NODE>
			<NAME>B41732856</NAME>
			<INDEX>61</INDEX>
			<XPOS>8433.308</XPOS>
			<YPOS>5369.4326</YPOS>
			<TYPE>REGULAR</TYPE>
			<HEURISTICVALUE>0.0</HEURISTICVALUE>
		</NODE>

		<!-- Node Definitions -->

		<NODE>
			<NAME>41273685B</NAME>
			<INDEX>62</INDEX>
			<XPOS>8547.402</XPOS>
			<YPOS>5228.939</YPOS>
			<TYPE>REGULAR</TYPE>
			<HEURISTICVALUE>0.0</HEURISTICVALUE>
		</NODE>

		<!-- Node Definitions -->

		<NODE>
			<NAME>4127368B5</NAME>
			<INDEX>63</INDEX>
			<XPOS>8540.487</XPOS>
			<YPOS>5281.809</YPOS>
			<TYPE>REGULAR</TYPE>
			<HEURISTICVALUE>0.0</HEURISTICVALUE>
		</NODE>

		<!-- Node Definitions -->

		<NODE>
			<NAME>4127B6835</NAME>
			<INDEX>64</INDEX>
			<XPOS>8556.434</XPOS>
			<YPOS>5421.776</YPOS>
			<TYPE>REGULAR</TYPE>
			<HEURISTICVALUE>0.0</HEURISTICVALUE>
		</NODE>

		<!-- Node Definitions -->

		<NODE>
			<NAME>412736B85</NAME>
			<INDEX>65</INDEX>
			<XPOS>8527.956</XPOS>
			<YPOS>5345.2188</YPOS>
			<TYPE>REGULAR</TYPE>
			<HEURISTICVALUE>0.0</HEURISTICVALUE>
		</NODE>

		<!-- Node Definitions -->

		<NODE>
			<NAME>412B73856</NAME>
			<INDEX>66</INDEX>
			<XPOS>8641.663</XPOS>
			<YPOS>5183.46</YPOS>
			<TYPE>REGULAR</TYPE>
			<HEURISTICVALUE>0.0</HEURISTICVALUE>
		</NODE>

		<!-- Node Definitions -->

		<NODE>
			<NAME>B12473856</NAME>
			<INDEX>67</INDEX>
			<XPOS>8628.383</XPOS>
			<YPOS>5254.6855</YPOS>
			<TYPE>REGULAR</TYPE>
			<HEURISTICVALUE>0.0</HEURISTICVALUE>
		</NODE>

		<!-- Node Definitions -->

		<NODE>
			<NAME>1B2473856</NAME>
			<INDEX>68</INDEX>
			<XPOS>8614.643</XPOS>
			<YPOS>5316.2764</YPOS>
			<TYPE>REGULAR</TYPE>
			<HEURISTICVALUE>0.0</HEURISTICVALUE>
		</NODE>

		<!-- Node Definitions -->

		<NODE>
			<NAME>12B473856</NAME>
			<INDEX>69</INDEX>
			<XPOS>8585.352</XPOS>
			<YPOS>5377.091</YPOS>
			<TYPE>REGULAR</TYPE>
			<HEURISTICVALUE>0.0</HEURISTICVALUE>
		</NODE>

		<!-- Node Definitions -->

		<NODE>
			<NAME>1724B3856</NAME>
			<INDEX>70</INDEX>
			<XPOS>8627.709</XPOS>
			<YPOS>5410.6816</YPOS>
			<TYPE>REGULAR</TYPE>
			<HEURISTICVALUE>0.0</HEURISTICVALUE>
		</NODE>

		<!-- Node Definitions -->

		<NODE>
			<NAME>412873B56</NAME>
			<INDEX>71</INDEX>
			<XPOS>8684.486</XPOS>
			<YPOS>5224.706</YPOS>
			<TYPE>REGULAR</TYPE>
			<HEURISTICVALUE>0.0</HEURISTICVALUE>
		</NODE>

		<!-- Node Definitions -->

		<NODE>
			<NAME>4128735B6</NAME>
			<INDEX>72</INDEX>
			<XPOS>8678.661</XPOS>
			<YPOS>5293.5503</YPOS>
			<TYPE>REGULAR</TYPE>
			<HEURISTICVALUE>0.0</HEURISTICVALUE>
		</NODE>

		<!-- Node Definitions -->

		<NODE>
			<NAME>41287356B</NAME>
			<INDEX>73</INDEX>
			<XPOS>8680.576</XPOS>
			<YPOS>5377.593</YPOS>
			<TYPE>REGULAR</TYPE>
			<HEURISTICVALUE>0.0</HEURISTICVALUE>
		</NODE>

		<!-- Node Definitions -->

		<NODE>
			<NAME>41275386B</NAME>
			<INDEX>74</INDEX>
			<XPOS>8658.007</XPOS>
			<YPOS>5125.6035</YPOS>
			<TYPE>REGULAR</TYPE>
			<HEURISTICVALUE>0.0</HEURISTICVALUE>
		</NODE>

		<!-- Node Definitions -->

		<NODE>
			<NAME>41275B863</NAME>
			<INDEX>75</INDEX>
			<XPOS>8818.335</XPOS>
			<YPOS>5151.5537</YPOS>
			<TYPE>REGULAR</TYPE>
			<HEURISTICVALUE>0.0</HEURISTICVALUE>
		</NODE>

		<!-- Node Definitions -->

		<NODE>
			<NAME>41B752863</NAME>
			<INDEX>76</INDEX>
			<XPOS>8772.648</XPOS>
			<YPOS>5216.724</YPOS>
			<TYPE>REGULAR</TYPE>
			<HEURISTICVALUE>0.0</HEURISTICVALUE>
		</NODE>

		<!-- Node Definitions -->

		<NODE>
			<NAME>4B1752863</NAME>
			<INDEX>77</INDEX>
			<XPOS>8759.92</XPOS>
			<YPOS>5266.2744</YPOS>
			<TYPE>REGULAR</TYPE>
			<HEURISTICVALUE>0.0</HEURISTICVALUE>
		</NODE>

		<!-- Node Definitions -->

		<NODE>
			<NAME>4517B2863</NAME>
			<INDEX>78</INDEX>
			<XPOS>8741.626</XPOS>
			<YPOS>5340.0186</YPOS>
			<TYPE>REGULAR</TYPE>
			<HEURISTICVALUE>0.0</HEURISTICVALUE>
		</NODE>

		<!-- Node Definitions -->

		<NODE>
			<NAME>B41752863</NAME>
			<INDEX>79</INDEX>
			<XPOS>8758.701</XPOS>
			<YPOS>5385.3525</YPOS>
			<TYPE>REGULAR</TYPE>
			<HEURISTICVALUE>0.0</HEURISTICVALUE>
		</NODE>

		<!-- Node Definitions -->

		<NODE>
			<NAME>4127B5863</NAME>
			<INDEX>80</INDEX>
			<XPOS>8980.09</XPOS>
			<YPOS>5198.382</YPOS>
			<TYPE>REGULAR</TYPE>
			<HEURISTICVALUE>0.0</HEURISTICVALUE>
		</NODE>

		<!-- Node Definitions -->

		<NODE>
			<NAME>4B2715863</NAME>
			<INDEX>81</INDEX>
			<XPOS>8850.181</XPOS>
			<YPOS>5265.534</YPOS>
			<TYPE>REGULAR</TYPE>
			<HEURISTICVALUE>0.0</HEURISTICVALUE>
		</NODE>

		<!-- Node Definitions -->

		<NODE>
			<NAME>42B715863</NAME>
			<INDEX>82</INDEX>
			<XPOS>8844.515</XPOS>
			<YPOS>5387.8384</YPOS>
			<TYPE>REGULAR</TYPE>
			<HEURISTICVALUE>0.0</HEURISTICVALUE>
		</NODE>

		<!-- Node Definitions -->

		<NODE>
			<NAME>B42715863</NAME>
			<INDEX>83</INDEX>
			<XPOS>8827.811</XPOS>
			<YPOS>5340.9546</YPOS>
			<TYPE>REGULAR</TYPE>
			<HEURISTICVALUE>0.0</HEURISTICVALUE>
		</NODE>

		<!-- Node Definitions -->

		<NODE>
			<NAME>4127658B3</NAME>
			<INDEX>84</INDEX>
			<XPOS>8933.55</XPOS>
			<YPOS>5265.5137</YPOS>
			<TYPE>REGULAR</TYPE>
			<HEURISTICVALUE>0.0</HEURISTICVALUE>
		</NODE>

		<!-- Node Definitions -->

		<NODE>
			<NAME>41276583B</NAME>
			<INDEX>85</INDEX>
			<XPOS>8928.645</XPOS>
			<YPOS>5388.6123</YPOS>
			<TYPE>REGULAR</TYPE>
			<HEURISTICVALUE>0.0</HEURISTICVALUE>
		</NODE>

		<!-- Node Definitions -->

		<NODE>
			<NAME>412765B83</NAME>
			<INDEX>86</INDEX>
			<XPOS>8913.878</XPOS>
			<YPOS>5339.0605</YPOS>
			<TYPE>REGULAR</TYPE>
			<HEURISTICVALUE>0.0</HEURISTICVALUE>
		</NODE>

		<!-- Node Definitions -->

		<NODE>
			<NAME>412B75863</NAME>
			<INDEX>87</INDEX>
			<XPOS>9022.269</XPOS>
			<YPOS>5267.6553</YPOS>
			<TYPE>REGULAR</TYPE>
			<HEURISTICVALUE>0.0</HEURISTICVALUE>
		</NODE>

		<!-- Node Definitions -->

		<NODE>
			<NAME>B12475863</NAME>
			<INDEX>88</INDEX>
			<XPOS>9015.252</XPOS>
			<YPOS>5387.6133</YPOS>
			<TYPE>REGULAR</TYPE>
			<HEURISTICVALUE>0.0</HEURISTICVALUE>
		</NODE>

		<!-- Node Definitions -->

		<NODE>
			<NAME>412875B63</NAME>
			<INDEX>89</INDEX>
			<XPOS>9002.36</XPOS>
			<YPOS>5340.1</YPOS>
			<TYPE>REGULAR</TYPE>
			<HEURISTICVALUE>0.0</HEURISTICVALUE>
		</NODE>

		<!-- Edge Definitions -->

		<EDGE>
			<STARTINDEX>0</STARTINDEX>
			<ENDINDEX>1</ENDINDEX>
			<COST>4.0</COST>
		</EDGE>
		<EDGE>
			<STARTINDEX>1</STARTINDEX>
			<ENDINDEX>2</ENDINDEX>
			<COST>4.0</COST>
		</EDGE>
		<EDGE>
			<STARTINDEX>2</STARTINDEX>
			<ENDINDEX>3</ENDINDEX>
			<COST>1.0</COST>
		</EDGE>
		<EDGE>
			<STARTINDEX>3</STARTINDEX>
			<ENDINDEX>4</ENDINDEX>
			<COST>1.0</COST>
		</EDGE>
		<EDGE>
			<STARTINDEX>4</STARTINDEX>
			<ENDINDEX>5</ENDINDEX>
			<COST>2.0</COST>
		</EDGE>
		<EDGE>
			<STARTINDEX>5</STARTINDEX>
			<ENDINDEX>6</ENDINDEX>
			<COST>2.0</COST>
		</EDGE>
		<EDGE>
			<STARTINDEX>5</STARTINDEX>
			<ENDINDEX>7</ENDINDEX>
			<COST>3.0</COST>
		</EDGE>
		<EDGE>
			<STARTINDEX>3</STARTINDEX>
			<ENDINDEX>8</ENDINDEX>
			<COST>2.0</COST>
		</EDGE>
		<EDGE>
			<STARTINDEX>8</STARTINDEX>
			<ENDINDEX>9</ENDINDEX>
			<COST>1.0</COST>
		</EDGE>
		<EDGE>
			<STARTINDEX>9</STARTINDEX>
			<ENDINDEX>10</ENDINDEX>
			<COST>4.0</COST>
		</EDGE>
		<EDGE>
			<STARTINDEX>9</STARTINDEX>
			<ENDINDEX>11</ENDINDEX>
			<COST>2.0</COST>
		</EDGE>
		<EDGE>
			<STARTINDEX>8</STARTINDEX>
			<ENDINDEX>12</ENDINDEX>
			<COST>2.0</COST>
		</EDGE>
		<EDGE>
			<STARTINDEX>12</STARTINDEX>
			<ENDINDEX>13</ENDINDEX>
			<COST>1.0</COST>
		</EDGE>
		<EDGE>
			<STARTINDEX>12</STARTINDEX>
			<ENDINDEX>14</ENDINDEX>
			<COST>3.0</COST>
		</EDGE>
		<EDGE>
			<STARTINDEX>8</STARTINDEX>
			<ENDINDEX>15</ENDINDEX>
			<COST>3.0</COST>
		</EDGE>
		<EDGE>
			<STARTINDEX>15</STARTINDEX>
			<ENDINDEX>16</ENDINDEX>
			<COST>4.0</COST>
		</EDGE>
		<EDGE>
			<STARTINDEX>15</STARTINDEX>
			<ENDINDEX>17</ENDINDEX>
			<COST>2.0</COST>
		</EDGE>
		<EDGE>
			<STARTINDEX>1</STARTINDEX>
			<ENDINDEX>18</ENDINDEX>
			<COST>1.0</COST>
		</EDGE>
		<EDGE>
			<STARTINDEX>18</STARTINDEX>
			<ENDINDEX>19</ENDINDEX>
			<COST>4.0</COST>
		</EDGE>
		<EDGE>
			<STARTINDEX>19</STARTINDEX>
			<ENDINDEX>20</ENDINDEX>
			<COST>1.0</COST>
		</EDGE>
		<EDGE>
			<STARTINDEX>20</STARTINDEX>
			<ENDINDEX>21</ENDINDEX>
			<COST>2.0</COST>
		</EDGE>
		<EDGE>
			<STARTINDEX>21</STARTINDEX>
			<ENDINDEX>22</ENDINDEX>
			<COST>2.0</COST>
		</EDGE>
		<EDGE>
			<STARTINDEX>21</STARTINDEX>
			<ENDINDEX>23</ENDINDEX>
			<COST>3.0</COST>
		</EDGE>
		<EDGE>
			<STARTINDEX>19</STARTINDEX>
			<ENDINDEX>24</ENDINDEX>
			<COST>3.0</COST>
		</EDGE>
		<EDGE>
			<STARTINDEX>24</STARTINDEX>
			<ENDINDEX>25</ENDINDEX>
			<COST>2.0</COST>
		</EDGE>
		<EDGE>
			<STARTINDEX>25</STARTINDEX>
			<ENDINDEX>26</ENDINDEX>
			<COST>1.0</COST>
		</EDGE>
		<EDGE>
			<STARTINDEX>25</STARTINDEX>
			<ENDINDEX>27</ENDINDEX>
			<COST>2.0</COST>
		</EDGE>
		<EDGE>
			<STARTINDEX>18</STARTINDEX>
			<ENDINDEX>28</ENDINDEX>
			<COST>1.0</COST>
		</EDGE>
		<EDGE>
			<STARTINDEX>28</STARTINDEX>
			<ENDINDEX>29</ENDINDEX>
			<COST>4.0</COST>
		</EDGE>
		<EDGE>
			<STARTINDEX>29</STARTINDEX>
			<ENDINDEX>30</ENDINDEX>
			<COST>3.0</COST>
		</EDGE>
		<EDGE>
			<STARTINDEX>30</STARTINDEX>
			<ENDINDEX>31</ENDINDEX>
			<COST>2.0</COST>
		</EDGE>
		<EDGE>
			<STARTINDEX>30</STARTINDEX>
			<ENDINDEX>32</ENDINDEX>
			<COST>3.0</COST>
		</EDGE>
		<EDGE>
			<STARTINDEX>28</STARTINDEX>
			<ENDINDEX>33</ENDINDEX>
			<COST>2.0</COST>
		</EDGE>
		<EDGE>
			<STARTINDEX>33</STARTINDEX>
			<ENDINDEX>34</ENDINDEX>
			<COST>3.0</COST>
		</EDGE>
		<EDGE>
			<STARTINDEX>34</STARTINDEX>
			<ENDINDEX>35</ENDINDEX>
			<COST>4.0</COST>
		</EDGE>
		<EDGE>
			<STARTINDEX>34</STARTINDEX>
			<ENDINDEX>36</ENDINDEX>
			<COST>3.0</COST>
		</EDGE>
		<EDGE>
			<STARTINDEX>18</STARTINDEX>
			<ENDINDEX>37</ENDINDEX>
			<COST>2.0</COST>
		</EDGE>
		<EDGE>
			<STARTINDEX>37</STARTINDEX>
			<ENDINDEX>38</ENDINDEX>
			<COST>1.0</COST>
		</EDGE>
		<EDGE>
			<STARTINDEX>38</STARTINDEX>
			<ENDINDEX>39</ENDINDEX>
			<COST>4.0</COST>
		</EDGE>
		<EDGE>
			<STARTINDEX>39</STARTINDEX>
			<ENDINDEX>40</ENDINDEX>
			<COST>4.0</COST>
		</EDGE>
		<EDGE>
			<STARTINDEX>39</STARTINDEX>
			<ENDINDEX>41</ENDINDEX>
			<COST>3.0</COST>
		</EDGE>
		<EDGE>
			<STARTINDEX>37</STARTINDEX>
			<ENDINDEX>42</ENDINDEX>
			<COST>3.0</COST>
		</EDGE>
		<EDGE>
			<STARTINDEX>42</STARTINDEX>
			<ENDINDEX>43</ENDINDEX>
			<COST>4.0</COST>
		</EDGE>
		<EDGE>
			<STARTINDEX>43</STARTINDEX>
			<ENDINDEX>44</ENDINDEX>
			<COST>4.0</COST>
		</EDGE>
		<EDGE>
			<STARTINDEX>43</STARTINDEX>
			<ENDINDEX>45</ENDINDEX>
			<COST>1.0</COST>
		</EDGE>
		<EDGE>
			<STARTINDEX>0</STARTINDEX>
			<ENDINDEX>46</ENDINDEX>
			<COST>1.0</COST>
		</EDGE>
		<EDGE>
			<STARTINDEX>46</STARTINDEX>
			<ENDINDEX>47</ENDINDEX>
			<COST>4.0</COST>
		</EDGE>
		<EDGE>
			<STARTINDEX>47</STARTINDEX>
			<ENDINDEX>48</ENDINDEX>
			<COST>4.0</COST>
		</EDGE>
		<EDGE>
			<STARTINDEX>48</STARTINDEX>
			<ENDINDEX>49</ENDINDEX>
			<COST>1.0</COST>
		</EDGE>
		<EDGE>
			<STARTINDEX>49</STARTINDEX>
			<ENDINDEX>50</ENDINDEX>
			<COST>2.0</COST>
		</EDGE>
		<EDGE>
			<STARTINDEX>50</STARTINDEX>
			<ENDINDEX>51</ENDINDEX>
			<COST>2.0</COST>
		</EDGE>
		<EDGE>
			<STARTINDEX>50</STARTINDEX>
			<ENDINDEX>52</ENDINDEX>
			<COST>3.0</COST>
		</EDGE>
		<EDGE>
			<STARTINDEX>48</STARTINDEX>
			<ENDINDEX>53</ENDINDEX>
			<COST>3.0</COST>
		</EDGE>
		<EDGE>
			<STARTINDEX>53</STARTINDEX>
			<ENDINDEX>54</ENDINDEX>
			<COST>2.0</COST>
		</EDGE>
		<EDGE>
			<STARTINDEX>54</STARTINDEX>
			<ENDINDEX>55</ENDINDEX>
			<COST>1.0</COST>
		</EDGE>
		<EDGE>
			<STARTINDEX>54</STARTINDEX>
			<ENDINDEX>56</ENDINDEX>
			<COST>2.0</COST>
		</EDGE>
		<EDGE>
			<STARTINDEX>47</STARTINDEX>
			<ENDINDEX>57</ENDINDEX>
			<COST>1.0</COST>
		</EDGE>
		<EDGE>
			<STARTINDEX>57</STARTINDEX>
			<ENDINDEX>58</ENDINDEX>
			<COST>4.0</COST>
		</EDGE>
		<EDGE>
			<STARTINDEX>58</STARTINDEX>
			<ENDINDEX>59</ENDINDEX>
			<COST>3.0</COST>
		</EDGE>
		<EDGE>
			<STARTINDEX>59</STARTINDEX>
			<ENDINDEX>60</ENDINDEX>
			<COST>2.0</COST>
		</EDGE>
		<EDGE>
			<STARTINDEX>59</STARTINDEX>
			<ENDINDEX>61</ENDINDEX>
			<COST>3.0</COST>
		</EDGE>
		<EDGE>
			<STARTINDEX>57</STARTINDEX>
			<ENDINDEX>62</ENDINDEX>
			<COST>2.0</COST>
		</EDGE>
		<EDGE>
			<STARTINDEX>62</STARTINDEX>
			<ENDINDEX>63</ENDINDEX>
			<COST>3.0</COST>
		</EDGE>
		<EDGE>
			<STARTINDEX>63</STARTINDEX>
			<ENDINDEX>64</ENDINDEX>
			<COST>4.0</COST>
		</EDGE>
		<EDGE>
			<STARTINDEX>63</STARTINDEX>
			<ENDINDEX>65</ENDINDEX>
			<COST>3.0</COST>
		</EDGE>
		<EDGE>
			<STARTINDEX>47</STARTINDEX>
			<ENDINDEX>66</ENDINDEX>
			<COST>3.0</COST>
		</EDGE>
		<EDGE>
			<STARTINDEX>66</STARTINDEX>
			<ENDINDEX>67</ENDINDEX>
			<COST>4.0</COST>
		</EDGE>
		<EDGE>
			<STARTINDEX>67</STARTINDEX>
			<ENDINDEX>68</ENDINDEX>
			<COST>1.0</COST>
		</EDGE>
		<EDGE>
			<STARTINDEX>68</STARTINDEX>
			<ENDINDEX>69</ENDINDEX>
			<COST>1.0</COST>
		</EDGE>
		<EDGE>
			<STARTINDEX>68</STARTINDEX>
			<ENDINDEX>70</ENDINDEX>
			<COST>2.0</COST>
		</EDGE>
		<EDGE>
			<STARTINDEX>66</STARTINDEX>
			<ENDINDEX>71</ENDINDEX>
			<COST>2.0</COST>
		</EDGE>
		<EDGE>
			<STARTINDEX>71</STARTINDEX>
			<ENDINDEX>72</ENDINDEX>
			<COST>1.0</COST>
		</EDGE>
		<EDGE>
			<STARTINDEX>72</STARTINDEX>
			<ENDINDEX>73</ENDINDEX>
			<COST>1.0</COST>
		</EDGE>
		<EDGE>
			<STARTINDEX>46</STARTINDEX>
			<ENDINDEX>74</ENDINDEX>
			<COST>1.0</COST>
		</EDGE>
		<EDGE>
			<STARTINDEX>74</STARTINDEX>
			<ENDINDEX>75</ENDINDEX>
			<COST>4.0</COST>
		</EDGE>
		<EDGE>
			<STARTINDEX>75</STARTINDEX>
			<ENDINDEX>76</ENDINDEX>
			<COST>4.0</COST>
		</EDGE>
		<EDGE>
			<STARTINDEX>76</STARTINDEX>
			<ENDINDEX>77</ENDINDEX>
			<COST>3.0</COST>
		</EDGE>
		<EDGE>
			<STARTINDEX>77</STARTINDEX>
			<ENDINDEX>78</ENDINDEX>
			<COST>2.0</COST>
		</EDGE>
		<EDGE>
			<STARTINDEX>77</STARTINDEX>
			<ENDINDEX>79</ENDINDEX>
			<COST>3.0</COST>
		</EDGE>
		<EDGE>
			<STARTINDEX>75</STARTINDEX>
			<ENDINDEX>80</ENDINDEX>
			<COST>3.0</COST>
		</EDGE>
		<EDGE>
			<STARTINDEX>80</STARTINDEX>
			<ENDINDEX>81</ENDINDEX>
			<COST>4.0</COST>
		</EDGE>
		<EDGE>
			<STARTINDEX>81</STARTINDEX>
			<ENDINDEX>82</ENDINDEX>
			<COST>1.0</COST>
		</EDGE>
		<EDGE>
			<STARTINDEX>81</STARTINDEX>
			<ENDINDEX>83</ENDINDEX>
			<COST>3.0</COST>
		</EDGE>
		<EDGE>
			<STARTINDEX>80</STARTINDEX>
			<ENDINDEX>84</ENDINDEX>
			<COST>2.0</COST>
		</EDGE>
		<EDGE>
			<STARTINDEX>84</STARTINDEX>
			<ENDINDEX>85</ENDINDEX>
			<COST>1.0</COST>
		</EDGE>
		<EDGE>
			<STARTINDEX>84</STARTINDEX>
			<ENDINDEX>86</ENDINDEX>
			<COST>3.0</COST>
		</EDGE>
		<EDGE>
			<STARTINDEX>80</STARTINDEX>
			<ENDINDEX>87</ENDINDEX>
			<COST>3.0</COST>
		</EDGE>
		<EDGE>
			<STARTINDEX>87</STARTINDEX>
			<ENDINDEX>88</ENDINDEX>
			<COST>4.0</COST>
		</EDGE>
		<EDGE>
			<STARTINDEX>87</STARTINDEX>
			<ENDINDEX>89</ENDINDEX>
			<COST>2.0</COST>
		</EDGE>

		<!-- Heuristic Settings -->

		<HEURISTIC value="AUTOMATIC"></HEURISTIC>
		<EDGECOSTS value="MANUAL"></EDGECOSTS>

	</GRAPH>
</SEARCH>
